{"x":[1,2,3,4,5,6,7,8,9,10,11,12,13,14,15,16,17,18,19,20,21,22,23,24,25,26,27,28,29,30,31,32,33,34,35,36,37,38,39,40,41,42,43,44,45,46,47,48,49,50,51,52,53,54,55,56,57,58,59,60,61,62,63,64,65,66,67,68,69,70,71,72,73,74,75,76,77,78,79,80,81,82,83,84,85,86,87,88,89,90,91,92,93,94,95,96,97,98,99,100,101,102,103,104,105,106,107,108,109,110,111,112,113,114,115,116,117,118,119,120,121,122,123,124,125,126,127,128,129,130,131,132,133,134,135,136,137,138,139,140,141,142,143,144,145,146,147,148,149,150,151,152,153,154,155,156,157,158,159,160,161,162,163,164,165,166,167,168,169,170,171,172,173,174,175,176,177,178,179,180,181,182,183,184,185,186,187,188,189,190,191,192,193,194,195,196,197,198,199,200,201,202,203,204,205,206,207,208,209,210,211,212,213,214,215,216,217,218,219,220,221,222,223,224,225,226,227,228,229,230,231,232,233,234,235,236,237,238,239,240,241,242,243,244,245,246,247,248,249,250],"y":[1.6062999963760376,1.8257999420166016,1.6166000366210938,1.4336999654769897,1.608299970626831,1.6455999612808228,1.6378999948501587,1.3111000061035156,1.3616000413894653,1.1832000017166138,1.8279000520706177,1.367300033569336,1.4694000482559204,0.7904000282287598,1.3457000255584717,1.1541999578475952,1.4400999546051025,1.330299973487854,1.4012000560760498,1.0576000213623047,1.5044000148773193,1.4241000413894653,1.6674000024795532,1.1865999698638916,1.1224000453948975,0.9787999987602234,1.2649999856948853,1.5396000146865845,0.9465000033378601,1.246999979019165,1.090399980545044,1.2476999759674072,1.1480000019073486,1.13510000705719,1.000499963760376,1.0360000133514404,1.2344000339508057,0.9355000257492065,1.770799994468689,1.520400047302246,1.4149999618530273,1.420799970626831,1.1624000072479248,1.1124000549316406,1.6663999557495117,1.325700044631958,1.2698999643325806,0.7972999811172485,1.1682000160217285,1.805299997329712,1.0872999429702759,1.021299958229065,1.1370999813079834,0.9596999883651733,1.4975999593734741,1.4371000528335571,0.8978000283241272,0.8159000277519226,1.1960999965667725,0.9865999817848206,1.1721999645233154,1.3694000244140625,1.2028000354766846,1.233199954032898,0.9241999983787537,0.7799999713897705,1.0694999694824219,0.784600019454956,1.3552000522613525,1.2922999858856201,0.8598999977111816,0.8813999891281128,0.8989999890327454,0.9200000166893005,1.0489000082015991,1.083899974822998,0.7459999918937683,1.306399941444397,1.3137999773025513,0.9110999703407288,1.317199945449829,1.666599988937378,1.0264999866485596,1.1409000158309937,0.955299973487854,1.1775000095367432,1.5741000175476074,1.17739999294281,1.304900050163269,1.174299955368042,1.1714999675750732,1.1791000366210938,0.7893999814987183,0.8704000115394592,1.1908999681472778,1.0566999912261963,1.2690999507904053,1.405900001525879,1.239400029182434,1.3116999864578247,1.0184999704360962,1.2271000146865845,1.4701000452041626,1.0009000301361084,0.7882000207901001,1.3553999662399292,1.1434999704360962,1.6229000091552734,1.173699975013733,1.2216999530792236,1.1132999658584595,1.1757999658584595,1.1720000505447388,1.0722999572753906,1.4289000034332275,0.8055999875068665,0.7243000268936157,1.2569999694824219,0.871999979019165,1.7003999948501587,1.11899995803833,0.9941999912261963,0.8130000233650208,1.218999981880188,1.066100001335144,1.217900037765503,0.9998999834060669,0.9337000250816345,1.0332000255584717,1.083799958229065,1.4602999687194824,1.3769999742507935,1.0362999439239502,0.6715999841690063,0.9483000040054321,0.9782999753952026,1.1548999547958374,1.0270999670028687,1.513700008392334,1.0462000370025635,0.9598000049591064,1.0716999769210815,1.0532000064849854,1.2670999765396118,0.8820000290870667,1.2581000328063965,1.4429999589920044,1.217900037765503,0.7185999751091003,1.3359999656677246,1.3145999908447266,1.3845000267028809,0.9193999767303467,0.7889000177383423,0.6503999829292297,1.8176000118255615,1.0020999908447266,1.079800009727478,1.3166999816894531,1.0669000148773193,1.1516000032424927,0.9829999804496765,0.88919997215271,0.9577999711036682,1.5197999477386475,1.3279999494552612,0.9427000284194946,0.7706999778747559,0.6908000111579895,0.9944000244140625,1.5504000186920166,0.8719000220298767,1.444200038909912,0.8694000244140625,1.1506999731063843,1.2381000518798828,1.021299958229065,1.2956000566482544,0.986299991607666,1.5880999565124512,0.8902000188827515,1.0591000318527222,1.215999960899353,1.3794000148773193,0.9046000242233276,1.611299991607666,1.0336999893188477,1.0999000072479248,1.1521999835968018,1.1109999418258667,0.8367000222206116,1.212499976158142,1.4279999732971191,1.294600009918213,0.8129000067710876,1.354099988937378,1.100600004196167,0.8015999794006348,1.3234000205993652,1.1414999961853027,1,0.6687999963760376,1.5583000183105469,0.9142000079154968,0.8144000172615051,1.376099944114685,0.8863999843597412,1.2482000589370728,0.9488999843597412,1.145400047302246,1.0841000080108643,1.514799952507019,1.0139000415802002,1.3909000158309937,0.916700005531311,1.1420999765396118,1.2563999891281128,1.3136999607086182,0.8185999989509583,0.8557999730110168,1.3289999961853027,1.010699987411499,0.7121999859809875,0.9391999840736389,1.2781000137329102,0.921999990940094,1.0419000387191772,1.320199966430664,1.319000005722046,1.1686999797821045,1.20169997215271,1.5458999872207642,1.0020999908447266,1.0780999660491943,1.1898000240325928,0.991599977016449,1.242900013923645,1.3147000074386597,1.3387000560760498,0.8457000255584717,1.0851999521255493,0.9975000023841858,0.7268000245094299,1.2556999921798706,0.9355000257492065,1.2278000116348267,0.791100025177002,0.7322999835014343,1.464400053024292,1.1548999547958374]}